Designator,Footprint,Quantity,Value,LCSC Part #
C1,0805,1,0.1u,
"J1, J3",conn_01x06_P0.50mm,2,Conn_01x06,
J2,conn_01x12_P0.50mm,1,~,
J4,vik-keyboard-connector-horizontal,1,~,
J5,PinHeader_1x02_P1.00mm_Horizontal,1,Conn_01x02,
"JP1, JP2",SolderJumper-3_P1.3mm_Open_Pad1.0x1.5mm,2,Jumper_3_Open,
JP3,SolderJumper-3_P1.3mm_Open_RoundedPad1.0x1.5mm,1,SolderJumper_3_Open,
"R1, R2",0805,2,4K7,
R3,0805,1,10K,
"SW1, SW10, SW11, SW12, SW13, SW14, SW15, SW16, SW17, SW2, SW3, SW4, SW5, SW6, SW7, SW8, SW9",SW_MX_reversible,17,SW_SPST,
SW18,SW_SPST_SKQG_WithStem,1,SW_Push,
SW19,switch-MSK-12C02-smd,1,SW_SPDT,
U1,TSSOP-24_4.4x7.8mm_P0.65mm,1,TCA9555PWR,
U2,xiao-ble-tht-bodge,1,xiao-ble,
